Chromosome,Position,Reference,Alternate,Depth,Tumor Log Odds (TLOD),Allele Frequency (AF),Call
chr1,2847758,A,G,2,4.62,0.667,Heterozygous
chr1,3126770,G,A,2,4.64,0.667,Heterozygous
chr1,23151104,T,C,1,4.2,0.667,Unknown
chr1,23151107,A,G,1,4.2,0.667,Unknown
chr1,26773694,G,A,251,4.68,0.035,Unknown
chr1,26773700,G,GCAGCAGCAACAGCAA,262,50.89,0.176,Heterozygous
chr1,26773706,G,A,220,46.11,0.221,Heterozygous
chr1,26773709,G,A,217,4.0,0.04,Unknown
chr1,26773759,C,CTTGTTCTTATAGCAGCAGCAGCTCGATGAATACATGAAAGGAAGCTTTGTTCAGGTTGGCAGGAGCGGGA,10,3.17,0.445,Heterozygous
chr1,26779482,A,ATGCCCCCCGCAGCCTGGGCTCCCACATACGGCTACCTCTCTGCACCGCCC,6,3.54,0.589,Heterozygous
chr1,37310519,A,C,2,8.52,0.75,Unknown
chr1,37310521,A,C,2,8.52,0.75,Unknown
chr1,48687391,C,T,2,4.61,0.667,Heterozygous
chr1,75991012,A,AAGAAAAAT,1,3.23,0.667,Heterozygous
chr1,101236203,CTCTGGGAAAGCCACTGCCCCTCAGACCGCAGTTGCGAGTAGCACGAGGA,C,4,7.16,0.4,Heterozygous
chr1,113105211,C,A,1,4.2,0.667,Unknown
chr1,113105233,G,A,1,4.2,0.667,Unknown
chr1,114716170,G,GTCAGTCATTTCA,10,4.57,0.3,Heterozygous
chr1,116014269,C,CTTACTG,1,4.18,0.667,Heterozygous
chr1,143268231,C,G,1,4.2,0.667,Unknown
chr1,143268256,C,T,1,4.2,0.667,Unknown
chr1,143268282,CG,AA,1,4.2,0.667,Unknown
chr1,143268307,G,A,1,4.2,0.667,Unknown
chr1,143268314,TCAA,T,1,4.2,0.667,Unknown
chr1,143268322,A,AATG,1,4.2,0.667,Unknown
chr1,143268336,A,G,1,4.2,0.667,Unknown
chr1,155184728,T,C,11,3.14,0.25,Heterozygous
chr1,172586291,T,TAC,1,4.2,0.667,Unknown
chr1,172586295,GT,TA,1,4.2,0.667,Unknown
chr1,223053611,AT,GC,1,4.2,0.667,Unknown
chr1,223053616,G,A,1,4.2,0.667,Unknown
chr1,226685991,AT,A,2,4.2,0.667,Unknown
chr1,226685995,T,A,1,4.2,0.667,Unknown
chr1,226685996,G,GT,1,4.2,0.667,Unknown
chr1,228351599,G,A,1,6.67,0.667,Unknown
chr1,228351631,A,G,2,6.67,0.667,Unknown
chr1,228365802,T,C,2,4.53,0.667,Heterozygous
chr10,2951019,A,C,1,4.2,0.667,Unknown
chr10,2951025,AG,CC,1,4.2,0.667,Unknown
chr10,3004478,GT,TG,2,4.2,0.667,Unknown
chr10,3004486,G,A,1,4.2,0.667,Unknown
chr10,8069578,C,"T,CTG",6,3.44,0.297,Unknown
chr10,8069579,TCTACTACA,T,6,3.25,0.343,Unknown
chr10,8069581,T,TCAATATCCCAA,5,3.55,0.407,Unknown
chr10,8074002,C,CTTAGGGTTTGGGAT,2,4.16,0.667,Unknown
chr10,8074005,G,T,1,4.16,0.667,Unknown
chr10,22465280,C,CAGGAAA,1,4.18,0.667,Heterozygous
chr10,35633131,G,A,13,14.55,0.534,Heterozygous
chr10,35633286,C,A,15,7.28,0.197,Unknown
chr10,35633295,A,T,15,7.28,0.197,Unknown
chr10,35633300,C,G,15,7.28,0.197,Unknown
chr10,35633313,A,G,16,3.17,0.179,Heterozygous
chr10,38450613,C,T,16,3.25,0.244,Heterozygous
chr10,48232233,G,A,1,4.19,0.667,Unknown
chr10,48232234,T,TCA,1,4.19,0.667,Unknown
chr10,68758957,C,A,2,4.58,0.667,Heterozygous
chr10,87952098,CT,C,81,6.38,0.133,Heterozygous
chr10,87952221,T,TAAGGTGAGCTCGGGAACGTTGGTAGG,8,5.66,0.582,Heterozygous
chr10,87952226,G,C,1,4.2,0.667,Unknown
chr10,87952227,A,AC,1,4.2,0.667,Unknown
chr10,97140926,A,C,7,18.22,0.889,Heterozygous
chr10,117621805,AGTT,A,1,4.21,0.667,Unknown
chr10,117621811,T,A,1,4.21,0.667,Unknown
chr10,117741903,A,C,7,27.02,0.889,Unknown
chr10,117741907,G,A,7,27.02,0.889,Unknown
chr10,122447627,C,T,2,4.64,0.667,Heterozygous
chr10,126917593,C,T,6,3.84,0.4,Heterozygous
chr10,126917636,C,T,6,3.84,0.4,Heterozygous
chr10,131381153,GA,AC,1,4.2,0.667,Unknown
chr10,131381156,G,T,1,4.2,0.667,Unknown
chr10,132611912,G,A,3,9.79,0.75,Unknown
chr10,132611919,G,A,2,9.79,0.75,Unknown
chr11,2155002,C,T,4,9.08,0.75,Heterozygous
chr11,3459622,G,A,2,4.62,0.667,Heterozygous
chr11,4870699,T,TTTCTATTA,1,4.12,0.667,Unknown
chr11,4870701,C,CACATTATTAGCTATATTTTCAG,1,4.12,0.667,Unknown
chr11,12730872,AG,TA,1,4.2,0.667,Heterozygous
chr11,43580299,GT,G,1,3.45,0.667,Heterozygous
chr11,46868240,A,G,2,4.21,0.667,Unknown
chr11,46868241,GTAGCC,G,2,4.21,0.667,Unknown
chr11,62995840,G,GAAGTAA,2,4.18,0.667,Heterozygous
chr11,72826911,G,A,2,4.62,0.667,Heterozygous
chr11,76626137,T,C,2,4.64,0.667,Heterozygous
chr12,174577,T,C,2,3.09,0.667,Heterozygous
chr12,17905272,T,TC,1,4.2,0.667,Unknown
chr12,17905275,T,C,1,4.2,0.667,Unknown
chr12,24473759,CTC,AGA,1,4.2,0.667,Heterozygous
chr12,25245416,A,G,5,6.42,0.778,Unknown
chr12,25245418,T,TCGGAA,2,6.58,0.75,Unknown
chr12,38144331,CAG,C,1,4.2,0.667,Unknown
chr12,38144335,A,G,1,4.2,0.667,Unknown
chr12,47986412,G,T,2,4.54,0.667,Heterozygous
chr12,102569853,A,G,2,6.62,0.667,Unknown
chr12,102569859,A,ATCAGAGGAGAG,2,6.62,0.667,Unknown
chr12,107933690,G,A,38,25.99,0.386,Heterozygous
chr12,108129093,T,C,2,4.6,0.667,Heterozygous
chr12,130059659,CT,C,1,4.2,0.667,Unknown
chr12,130059664,C,A,1,4.2,0.667,Unknown
chr12,132024716,G,A,4,11.05,0.833,Heterozygous
chr13,20921563,C,G,2,4.62,0.667,Heterozygous
chr13,46863247,G,C,2,4.62,0.667,Heterozygous
chr13,78458083,C,A,2,4.64,0.667,Heterozygous
chr13,113584443,T,C,2,4.5,0.667,Heterozygous
chr14,22790919,G,A,2,4.62,0.667,Heterozygous
chr14,35360052,C,T,2,4.6,0.667,Heterozygous
chr14,35360138,T,C,1,4.2,0.667,Unknown
chr14,35360143,G,A,1,4.2,0.667,Unknown
chr14,35360145,A,C,1,4.2,0.667,Unknown
chr14,69497596,A,T,2,5.17,0.75,Heterozygous
chr14,69497609,G,C,2,5.98,0.75,Heterozygous
chr14,89399580,G,A,2,4.64,0.667,Heterozygous
chr14,89399617,C,T,2,4.59,0.667,Heterozygous
chr14,101583601,CA,C,1,4.2,0.667,Unknown
chr14,101583604,A,C,1,4.2,0.667,Unknown
chr14,102179696,A,C,1,4.2,0.667,Unknown
chr14,102179698,TC,T,1,4.2,0.667,Unknown
chr14,102179700,C,T,1,4.2,0.667,Unknown
chr14,105157161,C,T,2,4.64,0.667,Heterozygous
chr14,105157250,C,T,2,4.6,0.667,Heterozygous
chr15,25623924,C,CA,2,4.2,0.667,Unknown
chr15,25623928,G,T,1,4.2,0.667,Unknown
chr15,36790543,A,G,1,4.2,0.667,Unknown
chr15,36790552,G,T,1,4.2,0.667,Unknown
chr15,77621776,TG,CT,2,8.52,0.75,Heterozygous
chr15,80989754,A,G,4,4.12,0.5,Heterozygous
chr15,83605398,A,AC,1,3.73,0.667,Heterozygous
chr15,86148453,A,C,2,4.46,0.667,Heterozygous
chr15,89747121,C,A,1,4.2,0.667,Unknown
chr15,89747142,A,C,1,4.2,0.667,Unknown
chr15,89747144,A,C,1,4.2,0.667,Unknown
chr15,98398339,A,AACAAAG,1,4.18,0.667,Unknown
chr15,98398341,C,G,1,4.18,0.667,Unknown
chr16,1792208,A,G,2,4.63,0.667,Heterozygous
chr16,4694215,C,A,8,11.49,0.848,Heterozygous
chr16,4694338,G,T,7,3.9,0.708,Unknown
chr16,4694340,G,C,1,4.19,0.667,Unknown
chr16,4694343,G,A,1,4.19,0.667,Unknown
chr16,4694345,G,A,1,4.19,0.667,Unknown
chr16,4694349,G,GAAGA,1,4.19,0.667,Unknown
chr16,4694351,T,C,1,4.19,0.667,Unknown
chr16,6422511,G,A,2,4.6,0.667,Heterozygous
chr16,50632031,C,T,6,8.68,0.6,Heterozygous
chr16,54162599,G,A,4,3.51,0.5,Heterozygous
chr16,72797130,GGC,TAT,2,4.2,0.667,Heterozygous
chr16,80955263,T,C,4,4.12,0.5,Heterozygous
chr16,84848152,A,G,2,4.64,0.667,Heterozygous
chr17,7670631,C,CG,14,6.11,0.182,Unknown
chr17,7670636,T,C,14,7.05,0.184,Unknown
chr17,7673645,C,CT,5,3.67,0.621,Unknown
chr17,7673647,G,GGTAATGTTGGGGGCGGGGCTGGGCTGGAAGGTGAGCTCGGGAACGTTGGT,5,3.67,0.621,Unknown
chr17,7674242,A,G,10,3.09,0.222,Heterozygous
chr17,7675088,C,T,50,13.32,0.174,Heterozygous
chr17,7675254,A,G,63,5.1,0.064,Heterozygous
chr17,8980461,T,C,2,4.62,0.667,Heterozygous
chr17,19681507,A,G,2,4.6,0.667,Heterozygous
chr17,30389097,C,T,2,5.95,0.667,Heterozygous
chr17,39724803,G,A,56,79.59,0.962,Unknown
chr17,39724806,GG,CA,18,79.76,0.95,Unknown
chr17,39724809,G,C,18,79.76,0.95,Unknown
chr17,39724812,A,G,18,79.76,0.95,Unknown
chr17,39724818,T,C,18,79.76,0.95,Unknown
chr17,39724826,AT,TC,18,79.76,0.95,Unknown
chr17,47885555,AG,CA,2,4.2,0.667,Heterozygous
chr17,58360868,G,A,13,3.04,0.2,Heterozygous
chr17,58370936,CG,C,16,3.53,0.23,Heterozygous
chr17,63543173,G,A,2,4.46,0.667,Heterozygous
chr17,67025735,C,T,2,4.62,0.667,Heterozygous
chr17,81071966,G,T,28,15.43,0.321,Heterozygous
chr17,81071989,CC,TT,29,10.41,0.184,Heterozygous
chr18,8916580,A,G,2,4.64,0.667,Heterozygous
chr18,13268196,T,TA,1,4.2,0.667,Unknown
chr18,13268199,G,A,1,4.2,0.667,Unknown
chr18,31629616,G,A,1,4.2,0.667,Unknown
chr18,31629620,C,G,1,4.2,0.667,Unknown
chr18,31629626,G,A,1,4.2,0.667,Unknown
chr18,45480624,A,G,4,8.22,0.8,Heterozygous
chr18,45480681,G,A,4,4.71,0.792,Heterozygous
chr18,51054859,C,G,84,19.44,0.163,Heterozygous
chr18,51054954,A,AAGGTGAGCTCGGGAACGTTGGTAGG,12,3.01,0.328,Heterozygous
chr18,51065590,G,GAGATCGGAAGAGCGT,2,4.16,0.667,Heterozygous
chr18,51067131,G,GTTA,2,4.19,0.667,Heterozygous
chr18,51078468,G,GCTTAGGGTTTGGGATATT,7,3.35,0.452,Heterozygous
chr18,74228104,G,GT,1,4.2,0.667,Unknown
chr18,74228105,G,A,1,4.2,0.667,Unknown
chr19,1221303,G,A,10,11.42,0.571,Heterozygous
chr19,2099435,CTC,TAT,1,4.2,0.667,Heterozygous
chr19,12838860,C,T,2,5.45,0.667,Heterozygous
chr19,15614398,C,G,72,141.6,0.479,Unknown
chr19,15614417,C,T,73,127.91,0.451,Unknown
chr19,15614428,GA,"G,GAA",58,3.83,0.209,Unknown
chr19,15614434,A,AG,56,19.26,0.325,Unknown
chr19,15614435,A,G,56,4.16,0.118,Unknown
chr19,19441258,G,T,2,4.74,0.667,Heterozygous
chr19,36151438,A,C,2,4.62,0.667,Heterozygous
chr19,49057782,C,T,2,4.19,0.667,Unknown
chr19,49057784,A,C,1,4.19,0.667,Unknown
chr19,49475708,G,C,7,3.67,0.286,Heterozygous
chr2,5759897,CC,TA,1,4.2,0.667,Heterozygous
chr2,10266042,C,G,10,25.15,0.909,Heterozygous
chr2,44345025,C,T,2,4.54,0.667,Heterozygous
chr2,52067530,A,C,1,4.2,0.667,Unknown
chr2,52067532,A,C,1,4.2,0.667,Unknown
chr2,72427462,C,A,2,3.42,0.667,Unknown
chr2,72427466,T,C,1,3.42,0.667,Unknown
chr2,111665163,C,T,4,8.77,0.8,Heterozygous
chr2,173468734,A,G,2,8.7,0.667,Unknown
chr2,173468759,G,A,2,8.7,0.667,Unknown
chr2,177234294,AAGGAG,A,7,4.13,0.734,Unknown
chr2,177234303,GC,CT,1,4.21,0.667,Unknown
chr2,177234307,A,C,1,4.21,0.667,Unknown
chr2,178136126,T,C,2,4.64,0.667,Heterozygous
chr2,181828250,G,A,2,4.58,0.667,Heterozygous
chr2,182491110,T,C,2,4.64,0.667,Heterozygous
chr2,182491140,G,A,2,4.6,0.667,Heterozygous
chr2,201254010,G,A,1,4.2,0.667,Unknown
chr2,201254013,G,A,1,4.2,0.667,Unknown
chr2,228917519,A,ACTGT,1,4.2,0.667,Unknown
chr2,228917522,T,A,1,4.2,0.667,Unknown
chr2,239039756,C,T,2,4.54,0.667,Heterozygous
chr20,24616677,A,G,6,3.84,0.4,Heterozygous
chr20,28782447,T,C,1,4.2,0.667,Unknown
chr20,28782452,T,C,1,4.2,0.667,Unknown
chr20,32434684,G,GGCACC,4,3.41,0.4,Unknown
chr20,32434687,G,T,4,3.41,0.4,Unknown
chr20,34812541,A,ATAGTTTTTTT,1,4.2,0.667,Unknown
chr20,34812542,C,G,1,4.2,0.667,Unknown
chr20,43446948,T,C,1,4.2,0.667,Unknown
chr20,43446955,T,C,1,4.2,0.667,Unknown
chr20,48126615,C,T,4,4.1,0.5,Heterozygous
chr20,48218345,GC,AA,1,4.2,0.667,Heterozygous
chr20,57583379,G,C,2,8.52,0.75,Unknown
chr20,57583382,CACA,C,2,8.52,0.75,Unknown
chr20,62610084,A,G,7,4.16,0.411,Heterozygous
chr20,62610099,C,CGCCCTGCTGTGGGGGCCGCCTGCTGCCT,6,7.31,0.401,Heterozygous
chr20,62804452,G,A,1,4.2,0.667,Unknown
chr20,62804467,G,A,1,4.2,0.667,Unknown
chr22,16572122,C,A,20,5.55,0.231,Heterozygous
chr22,16572211,C,A,18,23.8,0.906,Heterozygous
chr22,18969337,CA,TT,1,4.2,0.667,Heterozygous
chr22,21721392,A,G,2,4.64,0.667,Heterozygous
chr22,21721417,CTTTTTTTCT,C,2,8.7,0.667,Unknown
chr22,21721435,T,C,2,8.7,0.667,Unknown
chr22,21721496,T,C,2,8.7,0.667,Unknown
chr22,21721501,G,A,2,8.7,0.667,Unknown
chr22,21721503,A,C,2,8.7,0.667,Unknown
chr22,39618574,G,C,2,5.07,0.75,Heterozygous
chr22,41906107,T,C,2,4.64,0.667,Heterozygous
chr3,7263493,T,C,2,4.62,0.667,Heterozygous
chr3,28318391,C,CCTTT,1,4.2,0.667,Unknown
chr3,28318395,A,C,1,4.2,0.667,Unknown
chr3,78868567,A,C,2,4.62,0.667,Heterozygous
chr3,103686342,A,AAGAGTAATTCC,1,4.17,0.667,Heterozygous
chr3,121907621,G,A,2,4.5,0.667,Unknown
chr3,121907643,A,G,2,8.7,0.667,Unknown
chr3,126505171,C,T,2,4.58,0.667,Heterozygous
chr3,126505279,C,CT,1,4.2,0.667,Unknown
chr3,126505280,A,T,1,4.2,0.667,Unknown
chr3,126568283,GA,TC,2,4.2,0.667,Heterozygous
chr3,130547299,C,CTGGTA,1,4.18,0.667,Heterozygous
chr3,135682973,A,ATG,2,4.0,0.667,Unknown
chr3,135682975,G,GTTCACTGTAGGTGTATGGATTTGTTTTTGGGTTGT,2,4.0,0.667,Unknown
chr3,176242517,G,A,7,18.35,0.875,Heterozygous
chr3,179203819,TA,T,33,3.57,0.15,Unknown
chr3,179203820,AT,A,33,5.04,0.185,Unknown
chr3,179218253,A,G,2,4.54,0.667,Heterozygous
chr3,197754642,T,TATAACTTGAA,1,4.17,0.667,Heterozygous
chr4,1988269,C,G,4,4.87,0.5,Heterozygous
chr4,7483758,G,T,2,5.15,0.667,Heterozygous
chr4,7951416,TG,CA,1,4.2,0.667,Heterozygous
chr4,45663960,G,C,2,4.64,0.667,Heterozygous
chr4,52862054,G,T,9,22.05,0.889,Heterozygous
chr4,52862105,G,A,7,7.09,0.671,Heterozygous
chr4,69034697,G,A,2,4.64,0.667,Heterozygous
chr4,98607023,T,G,2,6.08,0.75,Heterozygous
chr4,98607156,C,T,2,4.4,0.75,Heterozygous
chr4,100394358,G,A,2,3.12,0.667,Heterozygous
chr4,152326178,C,T,49,6.99,0.195,Unknown
chr4,152326184,T,C,51,6.98,0.195,Unknown
chr4,161811378,CC,GT,1,4.18,0.667,Unknown
chr4,161811380,T,TTTGTTTTG,1,4.18,0.667,Unknown
chr4,169954397,C,T,2,7.56,0.667,Unknown
chr4,169954401,GC,G,2,7.56,0.667,Unknown
chr4,182196388,T,TGA,1,4.2,0.667,Unknown
chr4,182196389,T,A,1,4.2,0.667,Unknown
chr4,182196391,C,A,1,4.2,0.667,Unknown
chr5,2481355,G,GT,1,4.19,0.667,Unknown
chr5,2481359,A,AG,1,4.19,0.667,Unknown
chr5,2481363,A,C,1,4.19,0.667,Unknown
chr5,56882111,C,"CTTGAA,CGTCAGTGTTTGAA",7,3.72,0.413,Unknown
chr5,68204938,GGGT,G,1,4.21,0.667,Unknown
chr5,68204942,T,A,1,4.21,0.667,Unknown
chr5,68204945,C,A,1,4.21,0.667,Unknown
chr5,102005211,A,AGGAT,1,4.19,0.667,Heterozygous
chr5,112780799,C,CAAACAG,29,6.57,0.111,Heterozygous
chr5,112840303,A,T,4,3.53,0.486,Unknown
chr5,112840306,A,T,1,4.11,0.667,Unknown
chr5,112840308,A,C,1,4.11,0.667,Unknown
chr5,112840310,T,TATAGCAGCAGCAGCAGGACTGTGAGGAGAAGGAGCGGGA,1,4.11,0.667,Unknown
chr5,134527662,G,C,2,4.54,0.667,Heterozygous
chr5,137963481,T,C,2,4.62,0.667,Heterozygous
chr5,148597882,C,CAGT,1,4.19,0.667,Heterozygous
chr5,169355022,A,AT,1,4.19,0.667,Unknown
chr5,169355023,G,C,1,4.19,0.667,Unknown
chr5,169355024,A,AAT,1,4.19,0.667,Unknown
chr5,172054282,G,A,1,4.2,0.667,Unknown
chr5,172054286,G,C,1,4.2,0.667,Unknown
chr5,179869719,T,C,2,4.57,0.667,Heterozygous
chr5,179869856,G,A,1,4.2,0.667,Unknown
chr5,179869857,C,CATG,1,4.2,0.667,Unknown
chr6,1032528,G,T,1,4.2,0.667,Unknown
chr6,1032545,C,T,1,4.2,0.667,Unknown
chr6,34828307,C,T,2,3.96,0.667,Heterozygous
chr6,34828380,GAT,G,1,4.2,0.667,Unknown
chr6,34828383,G,GCA,1,4.2,0.667,Unknown
chr6,45422732,G,A,1,4.2,0.667,Unknown
chr6,45422738,G,A,1,4.2,0.667,Unknown
chr6,45422741,G,C,1,4.2,0.667,Unknown
chr6,45422748,G,C,1,4.2,0.667,Unknown
chr6,70350002,T,A,2,4.28,0.667,Heterozygous
chr6,88442760,G,T,2,4.51,0.667,Heterozygous
chr6,88442790,G,A,2,4.62,0.667,Heterozygous
chr6,90296781,GGCCGCTGCT,G,3,4.11,0.5,Heterozygous
chr6,156778882,G,C,28,10.39,0.252,Heterozygous
chr6,156778889,CGGA,C,29,5.52,0.153,Heterozygous
chr7,2652964,T,C,2,4.64,0.667,Heterozygous
chr7,5856849,C,T,1,4.2,0.667,Unknown
chr7,5856855,T,G,1,4.2,0.667,Unknown
chr7,5856862,C,T,1,4.2,0.667,Unknown
chr7,24138216,A,G,2,8.7,0.667,Unknown
chr7,24138234,T,C,2,8.7,0.667,Unknown
chr7,24138254,T,C,2,8.7,0.667,Unknown
chr7,55181310,CA,TG,45,5.01,0.103,Unknown
chr7,55181313,C,T,45,5.01,0.103,Unknown
chr7,55181355,C,G,74,71.75,0.351,Unknown
chr7,55181358,C,A,75,76.11,0.373,Unknown
chr7,55181364,C,G,71,78.56,0.383,Unknown
chr7,55181370,G,A,69,225.35,0.983,Heterozygous
chr7,55191912,A,AC,7,3.35,0.393,Heterozygous
chr7,55191914,A,"AATTT,AGCATTTT",5,3.79,0.336,Unknown
chr7,76274402,C,T,2,4.27,0.75,Heterozygous
chr7,76274510,G,C,2,4.06,0.667,Unknown
chr7,76274513,C,CTCCTCCGCCGCCGCCGCCGCCGCCGCCGCCCGCGCCGGGCCGGCTGTAGCCCGGAT,1,4.06,0.667,Unknown
chr7,91348490,T,TGTGTGGTTTATGTAGTCTGGTGTGTGTGTGTGTGGTTTATGTAGTCTGGTG,1,4.2,0.667,Heterozygous
chr7,94106988,A,G,2,4.64,0.667,Heterozygous
chr7,94107097,G,T,2,4.62,0.667,Heterozygous
chr7,100447530,TG,T,1,4.2,0.667,Unknown
chr7,100447532,G,A,1,4.2,0.667,Unknown
chr7,105648674,G,C,1,4.2,0.667,Unknown
chr7,105648679,G,A,1,4.2,0.667,Unknown
chr7,105648683,T,A,1,4.2,0.667,Unknown
chr7,119876048,A,AAT,1,4.2,0.667,Unknown
chr7,119876050,G,T,1,4.2,0.667,Unknown
chr7,140781688,T,TCGAGTCCC,10,3.51,0.381,Unknown
chr7,140781691,T,C,1,4.18,0.667,Unknown
chr7,152572356,G,A,1,4.2,0.667,Unknown
chr7,152572358,T,A,1,4.2,0.667,Unknown
chr7,152572360,GG,TC,1,4.2,0.667,Unknown
chr7,152572363,T,A,1,4.2,0.667,Unknown
chr7,155228485,T,C,2,4.48,0.667,Heterozygous
chr8,11633058,C,A,2,4.49,0.667,Heterozygous
chr8,48810596,A,G,4,4.1,0.5,Heterozygous
chr8,48810670,TG,CA,1,4.2,0.667,Unknown
chr8,48810680,A,G,1,4.2,0.667,Unknown
chr8,48810683,T,C,1,4.2,0.667,Unknown
chr8,48810691,A,G,1,4.2,0.667,Unknown
chr8,48810693,A,C,1,4.2,0.667,Unknown
chr8,48810697,C,T,1,4.2,0.667,Unknown
chr8,48810700,T,C,1,4.2,0.667,Unknown
chr8,48810701,ATG,A,1,4.2,0.667,Unknown
chr8,107126350,G,A,2,4.6,0.667,Heterozygous
chr8,115768825,T,A,1,4.2,0.667,Unknown
chr8,115768826,C,CCA,1,4.2,0.667,Unknown
chr8,121460768,T,C,1,3.22,0.667,Heterozygous
chr8,133148009,CT,TG,1,4.2,0.667,Heterozygous
chr8,139306058,A,ATTTTT,1,4.18,0.667,Unknown
chr8,139306059,G,C,1,4.18,0.667,Unknown
chr8,139306063,G,T,1,4.18,0.667,Unknown
chr8,139306065,C,T,1,4.18,0.667,Unknown
chr8,139624470,T,C,4,4.14,0.5,Heterozygous
chr9,33676096,C,G,20,16.75,0.485,Heterozygous
chr9,33676108,C,A,20,7.45,0.379,Heterozygous
chr9,33676121,G,A,20,14.22,0.4,Heterozygous
chr9,73185607,G,A,1,4.2,0.667,Unknown
chr9,73185611,A,C,1,4.2,0.667,Unknown
chr9,83062163,G,GGACA,1,4.2,0.667,Unknown
chr9,83062166,G,A,1,4.2,0.667,Unknown
chr9,104196678,T,A,1,4.2,0.667,Unknown
chr9,104196681,C,T,1,4.2,0.667,Unknown
chr9,104196683,ATC,A,1,4.2,0.667,Unknown
chr9,109013193,G,A,2,4.62,0.667,Heterozygous
chr9,130660118,C,T,3,4.97,0.501,Heterozygous
chr9,133128265,C,G,12,24.49,0.899,Heterozygous
chrX,14752964,C,T,1,4.2,0.667,Unknown
chrX,14752978,CTGA,C,1,4.2,0.667,Unknown
chrX,71141227,T,TAGCAGCAGCAGCAACAGCAACAGCAGCAGC,68,8.97,0.096,Heterozygous
chrX,71141262,G,GCAGCAGCAACAGCAACAGCAGCAGCAACAGCAACAACAGCAACACCAGCAGCAA,283,5.78,0.016,Heterozygous
chrX,71141292,A,G,410,12.84,0.036,Heterozygous
chrX,71141300,A,AGC,422,3.7,0.014,Heterozygous
chrX,71141301,A,"ACAGCAACACCAG,AGCAGCAGCAACAGCAACAACAGCAACACCAG",421,61.3,0.263,Unknown
chrX,132933723,A,AGT,1,4.19,0.667,Unknown
chrX,132933725,G,T,1,4.19,0.667,Unknown
